row,task_for,seg_id,stname,lanes,divided_roadway,bike_lane_type_simple,parking,sidewalk_status,check_year,curb_to_curb_width,traffic_lanes_width,shoulder_width,notes
1,Christine,1160150,TREVOSE RD,2,FALSE,None,None,One side,,23,23,0,
2,Christine,1080333,BYBERRY RD,3,FALSE,None,None,Both sides,,36,24,12,
3,Christine,960571,ALBURGER AVE,2,FALSE,None,Both sides,Both sides,,40,20,0,parking change to Both sides
4,Christine,960582,WELSH RD,4,FALSE,None,None,None,,52,32,20,
5,Christine,960879,VERREE RD,2,FALSE,Painted,None,Both sides,,54,25,0,
6,Christine,800095,GERMANTOWN AVE,2,FALSE,None,Both sides,Both sides,,38,20,18,
7,Christine,800070,BETHLEHEM PIKE,1,FALSE,None,None,None,,27,15,12,
8,Christine,800083,STENTON AVE,5,FALSE,None,None,Both sides,,51,51,0,
9,Christine,821048,IVY HILL RD,2,FALSE,None,Both sides,One side,,44,22,0,
10,Christine,940003,PINE RD,2,FALSE,None,Both sides,Both sides,,38,23,0,
11,Christine,960611,BENTON AVE,3,FALSE,None,Both sides,One side,,52,34,0,
12,Christine,960304,OLD BUSTLETON AVE,2,FALSE,None,Both sides,Both sides,,36,20,0,
13,Christine,960308,WINCHESTER AVE,2,FALSE,None,None,One side,,44,44,0,
14,Christine,700040,RIDGE AVE,6,TRUE,Painted,Both sides,Both sides,,72,62,10,
15,Christine,800269,SAINT MARTINS LN,2,FALSE,None,None,Both sides,,28,20,0,
16,Christine,800237,W WILLOW GROVE AVE,2,FALSE,None,Both sides,Both sides,,35,35,0,
17,Christine,820085,THOURON AVE,2,FALSE,None,Both sides,Both sides,,42,26,0,
18,Christine,821657,E WASHINGTON LN,2,FALSE,Painted,Both sides,Both sides,,44,20,0,
19,Christine,860166,RHAWN ST,2,FALSE,None,Both sides,Both sides,,40,25,0,
20,Christine,700327,RIDGE AVE,1,TRUE,Painted,One side,One side,,25,10,9,
21,Christine,700010,HAGYS MILL RD,2,FALSE,None,None,None,,20,20,0,
22,Christine,700014,RIDGE AVE,2,FALSE,Sharrow,Both sides,Both sides,,36,24,12,
23,Christine,722114,W ALLENS LN,2,FALSE,None,Both sides,One side,,32,20,0,
24,Christine,720571,E MOUNT AIRY AVE,2,FALSE,None,One side,Both sides,,31,22,0,
25,Christine,720560,CHEW AVE,2,FALSE,None,Both sides,Both sides,,40,20,0,
26,Christine,720558,CHEW AVE,2,FALSE,None,Both sides,Both sides,,40,20,0,
27,Christine,820028,E MOUNT PLEASANT AVE,2,FALSE,None,Both sides,Both sides,,36,36,0,
28,Christine,820607,E WASHINGTON LN,2,FALSE,Painted,Both sides,Both sides,,45,20,0,
29,Christine,840320,RISING SUN AVE,2,TRUE,Painted,Both sides,Both sides,,44,20,0,
30,Christine,861851,HOLME AVE,4,TRUE,None,One side,Both sides,,112,40,0,
31,Christine,880163,FRANKFORD AVE,3,FALSE,Sharrow,Both sides,Both sides,,50,34,0,
32,Christine,700124,RIDGE AVE,2,FALSE,Sharrow,Both sides,Both sides,,38,20,0,
33,Christine,700143,VALLEY AVE,2,FALSE,Sharrow,Both sides,Both sides,,40,22,0,
34,Christine,720209,MC CALLUM ST,2,FALSE,None,Both sides,Both sides,,32,32,0,
35,Christine,720170,LINCOLN DR,3,FALSE,None,Both sides,Both sides,,54,34,0,
36,Christine,721746,E WASHINGTON LN,2,FALSE,None,One side,Both sides,,30,24,0,
37,Christine,720696,E CLIVEDEN ST,1,FALSE,None,Both sides,Both sides,,30,16,0,
38,Christine,720089,E WASHINGTON LN,2,FALSE,None,Both sides,Both sides,,40,18,4,
39,Christine,720697,CHEW AVE,2,FALSE,None,Both sides,Both sides,,40,22,0,
40,Christine,720046,CHEW AVE,2,FALSE,None,Both sides,Both sides,,40,22,0,
41,Christine,721206,E CHELTEN AVE,2,FALSE,Painted,Both sides,Both sides,,48,22,0,
42,Christine,741556,66TH AVE,2,FALSE,Painted,Both sides,Both sides,,50,20,0,
43,Christine,740377,W GODFREY AVE,2,FALSE,Painted,Both sides,Both sides,,50,22,4,
44,Christine,840134,RISING SUN AVE,2,FALSE,Painted,Both sides,Both sides,,44,20,0,
45,Christine,740191,LEVICK ST,2,FALSE,None,Both sides,Both sides,,34,20,0,
46,Christine,861372,ALGON AVE,2,FALSE,None,Both sides,Both sides,,52,34,0,
47,Christine,861073,ROWLAND AVE,2,FALSE,None,Both sides,Both sides,,35,22,0,
48,Christine,880399,FRANKFORD AVE,3,FALSE,None,None,Both sides,,48,32,0,
49,Christine,880044,STATE RD,2,TRUE,Painted,Both sides,Both sides,,61,32,6,
50,Christine,600691,UMBRIA ST,2,FALSE,Painted,None,None,,42,32,0,
51,Christine,700001,HENRY AVE,4,TRUE,Painted,None,None,,56,40,0,
52,Christine,720314,W CLIVEDEN ST,2,FALSE,Painted,Both sides,Both sides,,50,20,4,
53,Christine,720041,W RITTENHOUSE ST,2,FALSE,Sharrow,One side,Both sides,,24,16,0,
54,Christine,720481,W WASHINGTON LN,2,FALSE,None,One side,Both sides,,30,22,0,
55,Christine,720482,MC CALLUM ST,2,FALSE,None,Both sides,Both sides,,30,16,0,
56,Christine,720519,MC CALLUM ST,2,FALSE,None,Both sides,Both sides,,32,16,0,
57,Christine,720511,HARVEY ST,2,FALSE,None,One side,Both sides,,24,16,0,
58,Christine,720864,E CHELTEN AVE,2,FALSE,Painted,Both sides,Both sides,,50,22,0,
59,Christine,720061,BAYNTON ST,2,FALSE,None,One side,Both sides,,32,24,0,
60,Christine,720950,E ARMAT ST,2,FALSE,None,One side,Both sides,,30,24,0,
61,Christine,722196,W OLNEY AVE,2,FALSE,Painted,Both sides,Both sides,,54,22,0,
62,Christine,722205,N 20TH ST,1,FALSE,Painted,None,Both sides,,18,12,0,
63,Christine,721551,W OLNEY AVE,2,FALSE,Painted,Both sides,Both sides,,55,20,0,
64,Christine,740031,W NEDRO AVE,2,FALSE,Painted,Both sides,Both sides,,36,20,0,
65,Christine,742394,N 11TH ST,2,FALSE,None,Both sides,Both sides,,36,22,0,
66,Christine,740048,W OLNEY AVE,2,FALSE,Sharrow,Both sides,Both sides,,38,22,0,
67,Christine,740804,W OLNEY AVE,2,FALSE,Sharrow,Both sides,Both sides,,38,22,0,
68,Christine,740025,E GODFREY AVE,2,TRUE,Painted,Both sides,One side,,66,30,0,
69,Christine,740580,W CHAMPLOST AVE,2,FALSE,None,Both sides,Both sides,,42,26,0,
70,Christine,742891,RISING SUN AVE,2,FALSE,Painted,None,Both sides,,45,21,0,
71,Christine,741712,TABOR AVE,2,FALSE,Painted,Both sides,Both sides,,50,24,0,
72,Christine,740646,TABOR AVE,2,FALSE,Painted,Both sides,Both sides,2022,50,30,3,
73,Christine,760019,LEVICK ST,2,TRUE,None,Both sides,Both sides,,48,20,0,
74,Christine,763368,TORRESDALE AVE,2,FALSE,Painted,Both sides,Both sides,,48,22,0,
75,Christine,861114,RHAWN ST,2,FALSE,None,Both sides,Both sides,,36,20,0,
76,Christine,760126,RHAWN ST,2,FALSE,None,Both sides,Both sides,,36,20,0,
77,Christine,861108,FRANKFORD AVE,3,FALSE,None,Both sides,Both sides,,46,32,0,
78,Christine,600013,UMBRIA ST,2,FALSE,Painted,Both sides,Both sides,,54,22,0,
79,Christine,600058,RIDGE AVE,2,FALSE,Sharrow,Both sides,Both sides,,36,20,0,
80,Christine,600174,RIDGE AVE,2,FALSE,Sharrow,One side,Both sides,,36,20,0,
81,Christine,600448,WALNUT LN,2,FALSE,None,None,Both sides,,46,33,13,
82,Christine,720320,WISSAHICKON AVE,2,FALSE,None,Both sides,One side,,42,21,0,
83,Christine,621001,WISSAHICKON AVE,3,FALSE,None,None,One side,,34,34,0,
84,Christine,620753,WAYNE AVE,2,FALSE,Sharrow,Both sides,Both sides,,40,24,0,
85,Christine,621327,W COULTER ST,2,FALSE,None,One side,One side,,30,30,0,
86,Christine,722188,W WALNUT LN,2,FALSE,Painted,Both sides,Both sides,,44,20,0,
87,Christine,720499,GREENE ST,2,FALSE,None,One side,Both sides,,29,20,0,
88,Christine,620881,PULASKI AVE,2,FALSE,None,Both sides,Both sides,,36,20,0,
89,Christine,620668,WAYNE AVE,2,FALSE,Sharrow,Both sides,Both sides,,40,24,0,
90,Christine,620773,W QUEEN LN,2,FALSE,None,Both sides,Both sides,,30,16,0,
91,Christine,721658,W ARMAT ST,2,FALSE,None,Both sides,Both sides,,34,20,0,
92,Christine,640037,N 5TH ST,2,FALSE,Painted,Both sides,Both sides,,50,24,0,
93,Christine,740065,N 5TH ST,2,FALSE,Painted,Both sides,Both sides,,50,24,0,
94,Christine,741813,E ASHDALE ST,2,FALSE,Painted,Both sides,Both sides,,50,20,6,
95,Christine,740897,RISING SUN AVE,2,FALSE,Painted,Both sides,Both sides,,44,20,0,
96,Christine,740059,SUMMERDALE AVE,2,FALSE,Painted,Both sides,Both sides,,50,22,0,
97,Christine,761666,BENNER ST,2,FALSE,None,Both sides,Both sides,,38,22,0,
98,Christine,761537,BROUS AVE,2,FALSE,None,Both sides,Both sides,,50,40,0,
99,Christine,761221,COMLY ST,2,FALSE,None,One side,Both sides,,38,20,0,
100,Christine,762160,ROBBINS ST,2,FALSE,None,Both sides,Both sides,,36,20,0,
101,Christine,761157,LEVICK ST,3,FALSE,None,None,Both sides,,34,34,0,
102,Christine,761000,PRINCETON AVE,2,FALSE,Painted,Both sides,Both sides,,32,20,0,
103,Christine,760980,PRINCETON AVE,2,FALSE,Painted,Both sides,Both sides,,44,20,0,
104,Christine,760152,TORRESDALE AVE,2,FALSE,Painted,Both sides,Both sides,,48,22,0,
105,Christine,760950,COTTMAN AVE,4,FALSE,None,Both sides,Both sides,,60,44,0,
106,Christine,600312,MAIN ST,2,FALSE,Sharrow,Both sides,Both sides,,27,20,0,
107,Christine,621047,RIDGE AVE,2,FALSE,Sharrow,Both sides,Both sides,,38,20,0,
108,Christine,621040,HERMIT ST,2,FALSE,None,None,Both sides,,30,22,0,
109,Christine,600673,SHURS LN,2,FALSE,None,One side,Both sides,,26,19,0,
110,Christine,621502,W SCHOOL HOUSE LN,2,FALSE,None,One side,Both sides,,30,28,2,
111,Christine,620874,WISSAHICKON AVE,2,FALSE,None,One side,Both sides,,30,22,0,
112,Christine,620986,MIDVALE AVE,2,FALSE,Sharrow,Both sides,Both sides,,39,24,0,
225,Christine,520516,W OXFORD ST,1,FALSE,None,Both sides,Both sides,,26,12,0,
226,Christine,522400,CECIL B MOORE AVE,2,FALSE,None,Both sides,Both sides,,32,18,0,
227,Christine,542957,N 13TH ST,1,FALSE,Separated,Both sides,Both sides,,40,21,4,
228,Christine,521296,MASTER ST,1,FALSE,None,Both sides,Both sides,,25,12,0,
229,Christine,520592,N 18TH ST,1,FALSE,None,Both sides,Both sides,,26,11,0,
230,Christine,520473,CECIL B MOORE AVE,2,FALSE,None,Both sides,Both sides,,34,20,0,
231,Christine,521014,DIAMOND ST,2,FALSE,None,Both sides,Both sides,,40,28,0,
232,Christine,542054,DIAMOND ST,1,FALSE,None,Both sides,Both sides,,25,12,0,
233,Christine,542563,N 6TH ST,1,FALSE,None,Both sides,Both sides,,27,10,0,
234,Christine,541871,W SUSQUEHANNA AVE,2,FALSE,None,None,Both sides,,35,35,0,
235,Christine,541797,W DAUPHIN ST,1,FALSE,None,Both sides,Both sides,,26,11,0,
236,Christine,542267,E DAUPHIN ST,1,FALSE,None,Both sides,Both sides,,27,10,0,
237,Christine,542323,FRANKFORD AVE,2,FALSE,None,Both sides,Both sides,,36,20,0,
238,Christine,542749,E NORRIS ST,1,FALSE,None,Both sides,Both sides,,26,12,0,
239,Christine,543093,E NORRIS ST,2,FALSE,None,Both sides,Both sides,,34,16,0,
240,Christine,560012,N DELAWARE AVE,2,FALSE,None,Both sides,None,,52,24,0,
241,Christine,542294,BATH ST,2,FALSE,None,None,One side,,31,31,0,
242,Christine,542603,E ALLEGHENY AVE,2,FALSE,None,Both sides,One side,,50,24,26,
243,Christine,560102,N DELAWARE AVE,2,FALSE,None,None,None,,53,45,0,
244,Christine,400839,LANSDOWNE AVE,2,FALSE,Painted,None,Both sides,,38,22,0,
245,Christine,401511,N 63RD ST,4,FALSE,None,Both sides,Both sides,,60,44,0,
246,Christine,401637,HAVERFORD AVE,2,FALSE,Painted,Both sides,Both sides,,44,20,0,
247,Christine,400394,HAVERFORD AVE,2,TRUE,Painted,Both sides,Both sides,,66,26,0,
248,Christine,420400,MANTUA AVE,1,FALSE,None,Both sides,Both sides,,32,16,0,
249,Christine,420129,POPLAR DR,3,FALSE,Painted,None,One side,,42,32,0,
250,Christine,421783,N 25TH ST,1,FALSE,None,Both sides,Both sides,,26,10,0,
251,Christine,422012,PENNSYLVANIA AVE,1,FALSE,None,Both sides,Both sides,,30,20,0,
252,Christine,421790,FAIRMOUNT AVE,2,FALSE,Painted,Both sides,Both sides,,48,22,0,
253,Christine,420195,POPLAR ST,1,FALSE,None,Both sides,Both sides,,26,14,0,
254,Christine,442254,RIDGE AVE,2,FALSE,None,One side,Both sides,,34,26,0,
255,Christine,440234,N 13TH ST,1,FALSE,Painted,Both sides,Both sides,2022,40,20,3,
256,Christine,543299,N 13TH ST,1,FALSE,Separated,Both sides,Both sides,,42,12,18,
257,Christine,420115,N 17TH ST,1,FALSE,None,Both sides,Both sides,,26,12,0,
258,Christine,420088,W THOMPSON ST,1,FALSE,None,Both sides,Both sides,,24,14,0,
259,Christine,421458,RIDGE AVE,2,FALSE,None,One side,Both sides,,34,26,0,
260,Christine,441939,POPLAR ST,1,FALSE,None,Both sides,Both sides,,26,12,0,
261,Christine,440059,W GIRARD AVE,4,TRUE,None,Both sides,Both sides,,84,44,0,
113,Demi,620674,WAYNE AVE,2,FALSE,Sharrow,Both sides,Both sides,,42,25,0,
114,Demi,620819,PULASKI AVE,2,FALSE,None,Both sides,Both sides,,37,20,0,
115,Demi,620862,MORRIS ST,1,FALSE,None,Both sides,Both sides,,42,22,0,
116,Demi,620831,MORRIS ST,2,FALSE,None,One side,Both sides,,26,20,0,
117,Demi,620825,MORRIS ST,2,FALSE,None,None,Both sides,,37,20,0,
118,Demi,620693,BERKLEY ST,3,FALSE,Sharrow,One side,Both sides,,38,21,17,
119,Demi,620348,W HUNTING PARK AVE,4,TRUE,None,One side,Both sides,,61,46,8,
120,Demi,620679,WAYNE AVE,2,FALSE,Sharrow,Both sides,Both sides,,42,24,0,
121,Demi,640812,N 9TH ST,2,FALSE,None,Both sides,Both sides,,43,30,0,
122,Demi,640132,N 5TH ST,2,FALSE,Painted,Both sides,Both sides,,51,23,0,
123,Demi,640773,W BRISTOL ST,2,FALSE,None,Both sides,Both sides,,36,24,0,
124,Demi,640494,RISING SUN AVE,2,FALSE,Painted,Both sides,Both sides,,46,22,0,
125,Demi,640366,E WYOMING AVE,2,FALSE,Sharrow,One side,Both sides,,46,22,0,
126,Demi,642633,WHITAKER AVE,4,TRUE,None,None,Both sides,,74,48,16,
127,Demi,760582,OXFORD AVE,3,FALSE,Painted,Both sides,Both sides,,60,35,0,
128,Demi,761299,BRIDGE ST,3,FALSE,None,None,Both sides,,26,26,0,
129,Demi,660914,COMLY ST,2,FALSE,None,None,Both sides,,34,20,0,
130,Demi,760025,LONGSHORE AVE,3,FALSE,None,None,Both sides,,27,27,0,
131,Demi,621105,RIDGE AVE,2,FALSE,None,Both sides,Both sides,,35,26,0,
132,Demi,621418,KELLY DR,2,FALSE,None,None,One side,,29,24,5,
133,Demi,621417,KELLY DR,2,FALSE,None,None,One side,,25,21,4,
134,Demi,621945,RIDGE AVE,3,FALSE,Sharrow,One side,Both sides,,35,20,0,
135,Demi,621972,RIDGE AVE,3,FALSE,Sharrow,None,One side,,38,28,0,
136,Demi,621427,RIDGE AVE,2,FALSE,Sharrow,Both sides,Both sides,,35,20,0,
137,Demi,621188,W ALLEGHENY AVE,2,FALSE,Painted,Both sides,Both sides,2022,51,20,0,There were painted bike lane since at least 2004
138,Demi,621969,ROBERTS AVE,3,FALSE,None,None,Both sides,,45,28,9,
139,Demi,621867,FOX ST,3,FALSE,None,None,Both sides,,45,38,10,
140,Demi,621261,WISSAHICKON AVE,4,FALSE,None,None,Both sides,,57,40,14,
141,Demi,621246,W HUNTING PARK AVE,4,FALSE,None,Both sides,Both sides,,62,45,7,
142,Demi,621218,W ERIE AVE,2,FALSE,Painted,Both sides,Both sides,,52,24,0,
143,Demi,620349,GERMANTOWN AVE,2,TRUE,None,None,Both sides,,40,28,0,
144,Demi,640963,W LYCOMING ST,4,FALSE,Painted,Both sides,One side,,45,25,0,
145,Demi,640902,N FRONT ST,3,FALSE,None,One side,Both sides,,50,40,0,
146,Demi,642653,W LUZERNE ST,2,FALSE,None,None,Both sides,,52,52,0,Half 52 feet half 41 feet
147,Demi,641481,E ERIE AVE,2,TRUE,None,One side,Both sides,,61,24,0,
148,Demi,640862,E CAYUGA ST,2,FALSE,Painted,Both sides,Both sides,,48,22,0,
149,Demi,641455,E ERIE AVE,2,TRUE,None,Both sides,Both sides,,61,24,0,
150,Demi,641384,KENSINGTON AVE,2,FALSE,Painted,One side,Both sides,,48,20,0,
151,Demi,641299,FRANKFORD AVE,2,FALSE,Painted,Both sides,Both sides,,46,22,0,
152,Demi,660833,ADAMS AVE,3,FALSE,None,None,One side,,38,38,0,
153,Demi,660285,ORTHODOX ST,1,FALSE,Sharrow,Both sides,Both sides,,30,14,0,
154,Demi,660292,MARGARET ST,1,FALSE,None,One side,One side,,26,20,6,
155,Demi,660919,MARGARET ST,1,FALSE,None,None,Both sides,,26,13,0,
156,Demi,660705,BRIDGE ST,2,FALSE,None,One side,Both sides,,26,20,0,
157,Demi,660012,TACONY ST,4,FALSE,None,None,One side,,48,48,0,
158,Demi,500101,MONUMENT RD,2,FALSE,None,None,Both sides,,35,22,13,
159,Demi,522420,STRAWBERRY MANSION BRG,2,FALSE,None,None,Both sides,,34,30,4,
160,Demi,521318,RIDGE AVE,2,FALSE,Sharrow,Both sides,Both sides,,35,20,0,
161,Demi,521382,W HUNTING PARK AVE,2,FALSE,None,None,One side,,28,20,4,
162,Demi,521654,W LEHIGH AVE,2,FALSE,Painted,Both sides,Both sides,,54,20,0,
163,Demi,621234,FOX ST,2,FALSE,None,None,Both sides,,36,36,0,
164,Demi,520689,N 22ND ST,2,FALSE,None,Both sides,Both sides,,34,20,0,
165,Demi,620252,W ALLEGHENY AVE,3,FALSE,Painted,Both sides,Both sides,,50,30,0,
166,Demi,620088,W ALLEGHENY AVE,2,FALSE,Painted,Both sides,Both sides,2022,51,29,0,
167,Demi,521510,W SEDGLEY AVE,2,FALSE,None,None,One side,,34,34,0,
168,Demi,642005,W SEDGLEY AVE,3,FALSE,Painted,Both sides,Both sides,,61,34,12,
169,Demi,540066,N 5TH ST,2,FALSE,None,One side,Both sides,,37,20,0,
170,Demi,641669,W SEDGLEY AVE,2,FALSE,None,Both sides,One side,,35,20,0,
171,Demi,641855,N HOWARD ST,1,FALSE,None,Both sides,Both sides,,26,14,0,
172,Demi,641764,MASCHER ST,1,FALSE,None,Both sides,Both sides,,27,14,0,
173,Demi,641710,W TIOGA ST,1,FALSE,None,Both sides,Both sides,,26,14,0,
174,Demi,641822,W ONTARIO ST,1,FALSE,None,Both sides,Both sides,,27,14,0,
175,Demi,641720,W TIOGA ST,1,FALSE,None,Both sides,Both sides,,26,14,0,
176,Demi,641628,MASCHER ST,1,FALSE,None,Both sides,Both sides,,27,19,0,
177,Demi,642037,MASCHER ST,1,FALSE,None,Both sides,Both sides,,27,14,0,
178,Demi,642053,N HOWARD ST,1,FALSE,None,Both sides,Both sides,,27,14,0,
179,Demi,641843,W ONTARIO ST,1,FALSE,None,Both sides,Both sides,,27,14,0,
180,Demi,540177,N 2ND ST,2,FALSE,None,None,Both sides,,35,20,15,
181,Demi,642348,E ALLEGHENY AVE,3,FALSE,Painted,One side,Both sides,,61,31,0,
182,Demi,642396,E ALLEGHENY AVE,3,FALSE,Painted,Both sides,Both sides,,61,32,0,
183,Demi,642415,E ALLEGHENY AVE,3,FALSE,Painted,Both sides,Both sides,,61,24,0,
184,Demi,540435,E ALLEGHENY AVE,3,FALSE,Painted,Both sides,Both sides,,60,31,0,
185,Demi,642162,E TIOGA ST,2,FALSE,None,Both sides,Both sides,,39,23,0,
186,Demi,660058,BRIDGE ST,2,FALSE,None,Both sides,Both sides,,44,29,0,
187,Demi,660105,RICHMOND ST,2,FALSE,None,Both sides,Both sides,,35,22,0,
188,Demi,500153,N 63RD ST,2,FALSE,None,Both sides,Both sides,,42,24,0,
189,Demi,500383,LANCASTER AVE,2,FALSE,Painted,Both sides,Both sides,,50,24,0,
190,Demi,520117,BELMONT AVE,4,FALSE,None,None,Both sides,,50,42,8,
191,Demi,521388,GREENLAND DR,2,FALSE,None,None,One side,,42,21,21,
192,Demi,520102,N 33RD ST,2,FALSE,Painted,Both sides,Both sides,,47,20,0,
193,Demi,520923,N 29TH ST,2,FALSE,None,Both sides,Both sides,,42,20,0,
194,Demi,520651,N 29TH ST,2,FALSE,None,Both sides,Both sides,,44,20,0,
195,Demi,520077,W DAUPHIN ST,2,FALSE,None,One side,Both sides,,26,21,0,
196,Demi,520829,N 22ND ST,2,FALSE,None,Both sides,Both sides,,35,28,0,
197,Demi,522342,DIAMOND ST,2,FALSE,None,Both sides,Both sides,,44,20,0,
198,Demi,521369,W YORK ST,1,FALSE,None,None,Both sides,,26,26,0,
199,Demi,520850,W GLENWOOD AVE,2,FALSE,None,One side,Both sides,,35,35,0,
200,Demi,541050,N 13TH ST,2,FALSE,None,None,Both sides,,26,26,0,
201,Demi,540674,W LEHIGH AVE,3,FALSE,Painted,Both sides,Both sides,,54,32,0,
202,Demi,540601,W LEHIGH AVE,3,FALSE,Painted,Both sides,Both sides,,53,20,0,
203,Demi,541292,N 12TH ST,2,FALSE,None,None,Both sides,,26,26,0,
204,Demi,541720,N AMERICAN ST,2,FALSE,Separated,Both sides,Both sides,,84,20,0,
205,Demi,540773,N 6TH ST,2,FALSE,None,None,Both sides,,30,20,0,
206,Demi,541283,N 3RD ST,1,FALSE,None,One side,Both sides,,27,19,0,
207,Demi,540667,W SOMERSET ST,1,FALSE,None,Both sides,Both sides,,25,18,0,
208,Demi,541333,E LEHIGH AVE,4,FALSE,Separated,Both sides,Both sides,,86,54,0,
209,Demi,541663,E LEHIGH AVE,5,TRUE,Separated,One side,Both sides,,85,52,0,
210,Demi,560007,CASTOR AVE,3,FALSE,None,None,Both sides,,51,40,0,
211,Demi,560033,RICHMOND ST,2,FALSE,Sharrow,None,Both sides,,39,39,0,
212,Demi,560030,CASTOR AVE,2,FALSE,Painted,One side,Both sides,,50,22,16,
213,Demi,400092,N 59TH ST,1,FALSE,None,Both sides,Both sides,,34,20,0,
214,Demi,400702,LANCASTER AVE,2,FALSE,Painted,Both sides,Both sides,,50,22,0,
215,Demi,401484,LANCASTER AVE,2,FALSE,Painted,Both sides,Both sides,,50,22,0,
216,Demi,422928,PARKSIDE AVE,3,FALSE,Separated,One side,Both sides,,60,33,0,
217,Demi,420007,PARKSIDE AVE,3,FALSE,Separated,None,Both sides,,42,29,0,
218,Demi,420053,PARKSIDE AVE,3,FALSE,None,Both sides,Both sides,,52,31,0,
219,Demi,422408,SWEETBRIAR DR,3,FALSE,Separated,None,One side,,42,35,7,
220,Demi,521404,W OXFORD ST,2,FALSE,None,Both sides,Both sides,,44,30,0,
221,Demi,420046,N 33RD ST,3,FALSE,Painted,None,Both sides,,40,30,0,
222,Demi,521254,MASTER ST,1,FALSE,None,One side,Both sides,,27,13,0,
223,Demi,522445,JEFFERSON ST,1,FALSE,None,Both sides,Both sides,,27,10,0,
224,Demi,520589,N 19TH ST,1,FALSE,None,Both sides,Both sides,,26,10,0,
262,Demi,440228,N 5TH ST,2,FALSE,None,Both sides,Both sides,,33,26,0,
263,Demi,441256,N 2ND ST,2,FALSE,None,Both sides,Both sides,,36,22,0,
264,Demi,440107,GERMANTOWN AVE,1,FALSE,Painted,Both sides,Both sides,2022,33,21,0,
265,Demi,543478,MASTER ST,1,FALSE,None,Both sides,Both sides,,26,13,0,
266,Demi,543462,N 5TH ST,2,FALSE,None,Both sides,Both sides,,35,21,0,
267,Demi,543579,FRANKFORD AVE,2,FALSE,None,Both sides,Both sides,,36,18,0,
268,Demi,543591,E GIRARD AVE,2,TRUE,None,Both sides,Both sides,,90,44,0,
269,Demi,441543,E PALMER ST,1,FALSE,None,Both sides,Both sides,,26,13,0,
270,Demi,543514,E PALMER ST,1,FALSE,None,One side,Both sides,,20,13,0,
271,Demi,300010,COBBS CREEK PKWY,2,FALSE,None,Both sides,Both sides,,52,34,0,
272,Demi,400513,CHESTNUT ST,2,FALSE,Separated,Both sides,Both sides,,44,20,0,
273,Demi,400557,S 52ND ST,3,FALSE,None,Both sides,Both sides,,50,34,0,
274,Demi,401888,WALNUT ST,2,FALSE,Separated,Both sides,Both sides,,34,20,0,
275,Demi,400498,MARKET ST,2,TRUE,Painted,Both sides,Both sides,,60,34,0,
276,Demi,400584,S 52ND ST,3,FALSE,None,Both sides,Both sides,,50,34,0,
277,Demi,400484,N 52ND ST,3,FALSE,None,Both sides,Both sides,,50,34,0,
278,Demi,420866,CHESTNUT ST,2,FALSE,Separated,Both sides,Both sides,,44,20,0,
279,Demi,420923,WALNUT ST,2,FALSE,Separated,Both sides,Both sides,,45,20,0,
280,Demi,420904,WALNUT ST,2,FALSE,Separated,Both sides,Both sides,,44,20,0,
281,Demi,420785,MARKET ST,2,TRUE,Painted,Both sides,Both sides,,60,34,0,
282,Demi,420883,CHESTNUT ST,2,FALSE,Separated,Both sides,Both sides,,48,20,0,
283,Demi,420820,MARKET ST,2,TRUE,Painted,Both sides,Both sides,,60,20,0,
284,Demi,420633,N 38TH ST,1,FALSE,None,Both sides,Both sides,,26,10,0,
285,Demi,422657,SPRING GARDEN ST,2,FALSE,None,Both sides,Both sides,,34,20,0,
286,Demi,420925,CHESTNUT ST,2,FALSE,Separated,Both sides,Both sides,,44,20,0,
287,Demi,420624,HAVERFORD AVE,2,FALSE,Painted,Both sides,Both sides,,44,20,0,
288,Demi,420818,LANCASTER AVE,4,FALSE,None,Both sides,Both sides,,50,28,0,
289,Demi,420585,HAVERFORD AVE,1,FALSE,Painted,Both sides,Both sides,,34,18,0,
290,Demi,422191,MARKET ST,5,FALSE,Painted,Both sides,Both sides,,70,50,0,
291,Demi,420625,SPRING GARDEN ST,1,FALSE,Painted,Both sides,Both sides,,35,20,0,
292,Demi,420665,N 34TH ST,2,FALSE,Painted,Both sides,Both sides,,40,25,0,
293,Demi,421884,N 33RD ST,1,FALSE,Painted,Both sides,Both sides,,34,20,0,
294,Demi,422304,SPRING GARDEN ST,3,FALSE,Painted,None,Both sides,,40,32,0,
295,Demi,420642,N 22ND ST,2,FALSE,Separated,Both sides,Both sides,,50,22,0,
296,Demi,422001,N 20TH ST,2,FALSE,None,Both sides,Both sides,,40,24,0,
297,Demi,421376,ARCH ST,2,FALSE,None,Both sides,Both sides,,36,20,0,
298,Demi,422158,N 18TH ST,2,FALSE,None,One side,Both sides,,38,20,0,
299,Chi-Hyun,422344,N 18TH ST,1,FALSE,Painted,One side,Both sides,,26,10,0,
300,Chi-Hyun,421398,BENJAMIN FRANKLIN PKWY,5,FALSE,Painted,One side,Both sides,,81,50,10,
301,Chi-Hyun,420708,CALLOWHILL ST,2,FALSE,None,Both sides,Both sides,,38,22,0,
302,Chi-Hyun,421839,N 15TH ST,4,FALSE,Painted,None,One side,,46,40,0,
303,Chi-Hyun,420887,N 15TH ST,3,FALSE,Separated,One side,Both sides,,46,31,0,
304,Chi-Hyun,440953,N 13TH ST,1,FALSE,Painted,One side,Both sides,2022,26,10,0,
305,Chi-Hyun,440972,N 13TH ST,1,FALSE,Painted,One side,Both sides,2023,28,19,0,
306,Chi-Hyun,440317,RIDGE AVE,2,FALSE,None,Both sides,Both sides,,35,26,0,
307,Chi-Hyun,421837,N 15TH ST,2,FALSE,Painted,None,Both sides,,27,20,0,
308,Chi-Hyun,441156,N 6TH ST,1,FALSE,None,Both sides,Both sides,,29,12,0,
309,Chi-Hyun,441917,N 5TH ST,1,FALSE,None,One side,One side,,24,16,0,
310,Chi-Hyun,441685,VINE ST,3,FALSE,None,None,One side,,34,34,0,
311,Chi-Hyun,441491,N 5TH ST,2,FALSE,Separated,Both sides,Both sides,,48,23,0,
312,Chi-Hyun,441403,N 6TH ST,2,FALSE,Separated,Both sides,Both sides,,48,23,0,
313,Chi-Hyun,440809,N 10TH ST,1,FALSE,Separated,One side,Both sides,,27,9,0,
314,Chi-Hyun,441443,N 9TH ST,1,FALSE,None,Both sides,Both sides,,26,10,0,
315,Chi-Hyun,440759,N 5TH ST,2,FALSE,None,Both sides,Both sides,,45,29,0,
316,Chi-Hyun,441328,N 2ND ST,2,FALSE,Separated,One side,One side,,34,18,0,
317,Chi-Hyun,440892,N 2ND ST,1,FALSE,Separated,None,Both sides,,37,10,20,
318,Chi-Hyun,300587,CEDAR AVE,2,FALSE,None,Both sides,Both sides,,44,30,0,
319,Chi-Hyun,320231,S 48TH ST,2,FALSE,None,Both sides,Both sides,,44,30,0,
320,Chi-Hyun,320040,S 47TH ST,2,FALSE,None,Both sides,Both sides,,35,20,0,
321,Chi-Hyun,320119,S 45TH ST,2,FALSE,None,Both sides,Both sides,,40,24,0,
322,Chi-Hyun,420982,S 42ND ST,2,FALSE,None,Both sides,Both sides,,44,28,0,
323,Chi-Hyun,320141,S 46TH ST,2,FALSE,None,Both sides,Both sides,,40,26,0,
324,Chi-Hyun,320291,S 46TH ST,2,FALSE,None,Both sides,Both sides,,40,26,0,
325,Chi-Hyun,423105,SPRUCE ST,2,FALSE,Painted,Both sides,Both sides,,45,20,0,
326,Chi-Hyun,322707,BALTIMORE AVE,2,FALSE,Painted,Both sides,Both sides,,44,20,0,
327,Chi-Hyun,322725,WOODLAND AVE,2,FALSE,Separated,None,Both sides,,40,20,0,
328,Chi-Hyun,422150,S 34TH ST,2,FALSE,Painted,None,Both sides,,30,22,0,
329,Chi-Hyun,421966,S 34TH ST,2,FALSE,Sharrow,None,One side,,31,26,5,
330,Chi-Hyun,421944,S 23RD ST,2,FALSE,None,One side,Both sides,,26,19,0,
331,Chi-Hyun,422193,MARKET ST,5,FALSE,None,None,Both sides,,62,50,0,
332,Chi-Hyun,423240,S 30TH ST,1,FALSE,Painted,One side,Both sides,,36,12,6,
333,Chi-Hyun,421289,CHESTNUT ST,2,FALSE,Separated,One side,Both sides,,36,20,0,
334,Chi-Hyun,423386,MARKET ST,5,FALSE,None,One side,Both sides,,60,52,0,
335,Chi-Hyun,423378,CHESTNUT ST,2,FALSE,Separated,One side,Both sides,,36,20,0,
336,Chi-Hyun,422233,S SCHUYLKILL AVE W,2,TRUE,None,Both sides,Both sides,,48,26,0,
337,Chi-Hyun,421981,N 16TH ST,4,FALSE,None,One side,Both sides,,46,38,0,
338,Chi-Hyun,421317,MARKET ST,3,FALSE,Separated,Both sides,Both sides,,62,33,0,
339,Chi-Hyun,421373,JOHN F KENNEDY BLVD,3,FALSE,Separated,Both sides,Both sides,,69,33,0,
340,Chi-Hyun,421167,S 15TH ST,2,FALSE,None,One side,Both sides,,26,18,0,
341,Chi-Hyun,320733,S 20TH ST,2,FALSE,None,One side,Both sides,,26,19,0,
342,Chi-Hyun,421343,N 19TH ST,2,FALSE,None,None,Both sides,,26,26,0,
343,Chi-Hyun,421178,S 16TH ST,2,FALSE,None,One side,Both sides,,26,19,0,
344,Chi-Hyun,421136,CHESTNUT ST,2,FALSE,Sharrow,One side,Both sides,,28,20,0,
345,Chi-Hyun,320741,PINE ST,1,FALSE,Painted,One side,Both sides,,27,11,0,
346,Chi-Hyun,440633,S 13TH ST,1,FALSE,Painted,One side,Both sides,2022,26,10,3,
347,Chi-Hyun,440572,S 13TH ST,1,FALSE,Painted,One side,Both sides,2022,26,10,3,
348,Chi-Hyun,440559,S 10TH ST,1,FALSE,Separated,One side,Both sides,,26,10,0,
349,Chi-Hyun,340116,S 10TH ST,1,FALSE,Separated,One side,Both sides,,26,10,0,
350,Chi-Hyun,421138,CHESTNUT ST,2,FALSE,Sharrow,One side,Both sides,,28,20,0,
351,Chi-Hyun,441279,ARCH ST,2,FALSE,Sharrow,Both sides,Both sides,,40,21,0,
352,Chi-Hyun,441286,N 10TH ST,1,FALSE,Painted,None,Both sides,,30,10,15,
353,Chi-Hyun,441064,ARCH ST,2,FALSE,Sharrow,Both sides,Both sides,,40,21,0,
354,Chi-Hyun,440514,WALNUT ST,2,FALSE,None,One side,Both sides,,26,18,0,
355,Chi-Hyun,441071,WALNUT ST,2,FALSE,None,One side,Both sides,,26,18,0,
356,Chi-Hyun,441217,RACE ST,2,FALSE,Painted,Both sides,Both sides,,46,22,0,
357,Chi-Hyun,441718,N INDEPENDENCE MALL E,1,FALSE,Separated,None,One side,,20,11,0,
358,Chi-Hyun,441168,N INDEPENDENCE MALL W,3,FALSE,Separated,One side,Both sides,,45,30,0,
359,Chi-Hyun,441042,RACE ST,3,FALSE,Separated,Both sides,Both sides,,71,33,4,
360,Chi-Hyun,440558,WALNUT ST,2,FALSE,None,One side,Both sides,,26,17,0,
361,Chi-Hyun,440652,S 5TH ST,2,FALSE,None,One side,Both sides,,26,18,0,
362,Chi-Hyun,440916,N 3RD ST,1,FALSE,None,Both sides,Both sides,,26,12,0,
363,Chi-Hyun,441174,S INDEPENDENCE MALL E,2,FALSE,Painted,One side,Both sides,,45,23,0,
364,Chi-Hyun,440537,WALNUT ST,2,FALSE,None,One side,Both sides,,26,16,0,
365,Chi-Hyun,441283,ARCH ST,2,FALSE,Sharrow,Both sides,Both sides,,37,22,0,
366,Chi-Hyun,440379,ARCH ST,2,FALSE,Sharrow,Both sides,Both sides,,37,22,0,
367,Chi-Hyun,441157,S 6TH ST,2,FALSE,None,One side,Both sides,,27,20,0,
368,Chi-Hyun,440532,WALNUT ST,2,FALSE,None,One side,Both sides,,25,17,0,
369,Chi-Hyun,440584,WALNUT ST,1,FALSE,None,Both sides,Both sides,,26,12,0,
370,Chi-Hyun,441300,S FRONT ST,2,FALSE,None,Both sides,Both sides,,49,26,0,
371,Chi-Hyun,440509,S FRONT ST,2,FALSE,None,Both sides,Both sides,,40,24,0,
372,Chi-Hyun,441574,N CHRISTOPHER COLUMBUS BLVD,6,TRUE,Separated,One side,Both sides,,113,66,0,
373,Chi-Hyun,441420,ARCH ST,2,FALSE,Sharrow,Both sides,Both sides,,37,21,0,
374,Chi-Hyun,300203,S 57TH ST,2,FALSE,None,Both sides,Both sides,,40,26,0,
375,Chi-Hyun,320561,KINGSESSING AVE,2,FALSE,Painted,Both sides,Both sides,,44,25,0,
376,Chi-Hyun,320252,S 52ND ST,2,FALSE,None,Both sides,Both sides,,50,33,0,
377,Chi-Hyun,323629,LINDBERGH BLVD,2,FALSE,None,Both sides,Both sides,,47,21,5,
378,Chi-Hyun,322718,S 47TH ST,2,FALSE,None,Both sides,Both sides,,40,25,0,
379,Chi-Hyun,322114,GRAYS FERRY AVE,5,FALSE,Painted,None,Both sides,,68,58,0,
380,Chi-Hyun,322901,WARFIELD ST,2,FALSE,None,None,None,,32,32,0,
381,Chi-Hyun,321731,S 28TH ST,1,FALSE,None,Both sides,Both sides,,28,11,0,
382,Chi-Hyun,321579,GRAYS FERRY AVE,4,TRUE,Painted,None,Both sides,2022,82,46,12,
383,Chi-Hyun,321208,FEDERAL ST,1,FALSE,None,Both sides,Both sides,,26,11,0,
384,Chi-Hyun,321474,CARPENTER ST,1,FALSE,None,Both sides,Both sides,,26,11,0,
385,Chi-Hyun,321459,WASHINGTON AVE,5,FALSE,Painted,Both sides,Both sides,,79,50,0,
386,Chi-Hyun,321186,CHRISTIAN ST,2,FALSE,None,Both sides,Both sides,,36,20,0,
387,Chi-Hyun,321204,ELLSWORTH ST,1,FALSE,None,Both sides,Both sides,,26,10,0,
388,Chi-Hyun,322743,WASHINGTON AVE,5,FALSE,Painted,Both sides,Both sides,,79,61,0,
389,Chi-Hyun,321201,WASHINGTON AVE,5,FALSE,Painted,Both sides,Both sides,,79,50,0,
390,Chi-Hyun,320884,BAINBRIDGE ST,1,FALSE,None,Both sides,Both sides,,26,10,0,
391,Chi-Hyun,340321,S 13TH ST,1,FALSE,Painted,One side,Both sides,2022,26,13,0,
392,Chi-Hyun,340419,FITZWATER ST,1,FALSE,None,Both sides,Both sides,,26,11,0,
393,Chi-Hyun,342176,S 11TH ST,1,FALSE,None,One side,Both sides,,26,19,0,
394,Chi-Hyun,340849,S 11TH ST,2,FALSE,Separated,Both sides,Both sides,,70,21,0,
395,Chi-Hyun,340834,WASHINGTON AVE,5,FALSE,Separated,Both sides,Both sides,,76,60,0,
396,Chi-Hyun,340633,CARPENTER ST,1,FALSE,None,Both sides,Both sides,,26,11,0,
397,Chi-Hyun,340606,S 11TH ST,2,FALSE,Separated,Both sides,Both sides,,70,21,0,
398,Chi-Hyun,340836,WASHINGTON AVE,4,FALSE,Separated,Both sides,Both sides,,73,41,0,
399,Chi-Hyun,342473,WASHINGTON AVE,5,TRUE,Painted,One side,Both sides,,62,50,0,
400,Chi-Hyun,342463,S 12TH ST,1,FALSE,None,Both sides,Both sides,,26,10,0,
401,Chi-Hyun,340212,LOMBARD ST,2,FALSE,None,One side,Both sides,,25,18,0,
402,Chi-Hyun,340261,S 2ND ST,1,FALSE,None,Both sides,Both sides,,25,18,0,
403,Chi-Hyun,341972,S 2ND ST,1,FALSE,None,Both sides,Both sides,,25,18,0,
404,Chi-Hyun,340481,S 6TH ST,1,FALSE,None,Both sides,Both sides,,26,11,0,
405,Chi-Hyun,342016,WASHINGTON AVE,3,FALSE,Separated,Both sides,Both sides,,74,32,0,
406,Chi-Hyun,342572,S 2ND ST,1,FALSE,None,Both sides,Both sides,,26,13,0,
407,Chi-Hyun,340284,SOUTH ST,1,FALSE,None,Both sides,Both sides,,26,11,0,
408,Chi-Hyun,441310,S CHRISTOPHER COLUMBUS BLVD,7,TRUE,Separated,None,Both sides,,105,64,6,
409,Chi-Hyun,342265,S CHRISTOPHER COLUMBUS BLVD,7,TRUE,Separated,None,Both sides,,114,66,13,
410,Chi-Hyun,340256,S FRONT ST,1,FALSE,Painted,Both sides,Both sides,,33,11,2,
411,Chi-Hyun,200700,COBBS CREEK PKWY,2,FALSE,None,Both sides,One side,,39,22,17,
412,Chi-Hyun,320455,LINDBERGH BLVD,4,TRUE,None,Both sides,One side,,89,49,16,
413,Chi-Hyun,321754,S 27TH ST,1,FALSE,None,Both sides,Both sides,,26,12,0,
414,Chi-Hyun,321481,SNYDER AVE,2,FALSE,None,Both sides,Both sides,,37,21,0,
415,Chi-Hyun,321527,TASKER ST,1,FALSE,None,Both sides,Both sides,,25,11,0,
416,Chi-Hyun,341197,S 10TH ST,1,FALSE,None,Both sides,Both sides,,26,11,0,
417,Chi-Hyun,342587,FEDERAL ST,1,FALSE,None,Both sides,Both sides,,26,11,0,
418,Chi-Hyun,341159,S 6TH ST,1,FALSE,None,Both sides,Both sides,,26,11,0,
419,Chi-Hyun,340043,S WATER ST,2,FALSE,None,One side,Both sides,,26,18,0,
420,Chi-Hyun,340765,S 5TH ST,1,FALSE,None,Both sides,Both sides,,26,11,0,
421,Chi-Hyun,341332,S 5TH ST,1,FALSE,None,Both sides,Both sides,,26,11,0,
422,Chi-Hyun,341945,REED ST,4,FALSE,None,One side,Both sides,,57,44,0,
423,Chi-Hyun,342288,S CHRISTOPHER COLUMBUS BLVD,6,TRUE,Painted,None,Both sides,,118,64,0,
424,Chi-Hyun,200459,S 67TH ST,2,FALSE,None,Both sides,Both sides,,39,25,0,
425,Chi-Hyun,220621,LINDBERGH BLVD,4,TRUE,Painted,One side,Both sides,,72,44,3,
426,Chi-Hyun,220406,VARE AVE,4,TRUE,Painted,Both sides,One side,,85,48,0,
427,Chi-Hyun,220148,OREGON AVE,4,TRUE,Painted,Both sides,Both sides,,85,46,0,
428,Chi-Hyun,220307,W MOYAMENSING AVE,2,TRUE,None,One side,One side,,26,18,0,
429,Chi-Hyun,220169,OREGON AVE,4,TRUE,Painted,Both sides,Both sides,,85,46,0,
430,Chi-Hyun,220937,OREGON AVE,4,TRUE,Painted,Both sides,Both sides,,85,46,0,
431,Chi-Hyun,220931,OREGON AVE,5,TRUE,Painted,Both sides,Both sides,,84,52,0,
432,Chi-Hyun,341558,SNYDER AVE,2,FALSE,Painted,Both sides,Both sides,,45,20,0,
433,Chi-Hyun,342253,S FRONT ST,1,FALSE,Sharrow,Both sides,Both sides,,31,14,0,
434,Chi-Hyun,342555,S CHRISTOPHER COLUMBUS BLVD,8,TRUE,Painted,None,Both sides,,166,91,25,
435,Chi-Hyun,342556,S CHRISTOPHER COLUMBUS BLVD,6,TRUE,Painted,None,Both sides,,131,78,21,
436,Chi-Hyun,200349,S 74TH ST,3,FALSE,None,Both sides,Both sides,2022,52,35,0,
437,Chi-Hyun,221288,S 70TH ST,2,TRUE,None,One side,One side,,68,51,0,
438,Chi-Hyun,221117,LINDBERGH BLVD,5,TRUE,Painted,None,One side,,92,46,12,
439,Chi-Hyun,220496,S 20TH ST,3,FALSE,Painted,Both sides,Both sides,,73,38,4,
440,Chi-Hyun,240051,S 7TH ST,3,FALSE,None,Both sides,Both sides,,73,50,0,
441,Chi-Hyun,240093,S 3RD ST,1,FALSE,None,Both sides,One side,,36,21,0,
442,Chi-Hyun,240054,S FRONT ST,4,FALSE,None,Both sides,None,,84,43,41,
443,Chi-Hyun,240556,S CHRISTOPHER COLUMBUS BLVD,4,FALSE,None,Both sides,One side,,54,44,0,
444,Chi-Hyun,221285,LANGLEY AVE,2,FALSE,None,None,One side,,30,22,0,
445,Chi-Hyun,240466,PATTISON AVE,4,TRUE,Painted,None,One side,,68,45,8,
446,Chi-Hyun,120014,PENROSE AVE,1,FALSE,None,None,None,,32,17,15,